{"cameraMode":{"drawMode":0,"name":"Shaded","section":"Shading Mode"},"sceneLighting":true,"audioPlay":false,"sceneViewState":{"showFog":true,"showMaterialUpdate":true,"showSkybox":true,"showFlares":true,"showImageEffects":true,"showParticleSystems":true},"in2DMode":false,"pivot":{"x":15.127456665039063,"y":-7.679673194885254,"z":772.2520141601563},"rotation":{"x":-0.16077575087547303,"y":0.5730207562446594,"z":-0.12308792769908905,"w":-0.794857919216156},"size":1.7320507764816285,"orthographic":false}