{"cameraMode":{"drawMode":0,"name":"Shaded","section":"Shading Mode"},"sceneLighting":false,"audioPlay":false,"sceneViewState":{"showFog":true,"showMaterialUpdate":false,"showSkybox":false,"showFlares":true,"showImageEffects":true,"showParticleSystems":true},"in2DMode":false,"pivot":{"x":2.75,"y":1.7000000476837159,"z":17.979999542236329},"rotation":{"x":0.09191247820854187,"y":-0.4913496673107147,"z":0.052229613065719607,"w":0.8646870255470276},"size":0.8987798690795898,"orthographic":false}