{"cameraMode":{"drawMode":0,"name":"Shaded","section":"Shading Mode"},"sceneLighting":false,"audioPlay":false,"sceneViewState":{"showFog":true,"showMaterialUpdate":false,"showSkybox":false,"showFlares":true,"showImageEffects":true,"showParticleSystems":true},"in2DMode":false,"pivot":{"x":5.831923484802246,"y":4.204214572906494,"z":74.01329803466797},"rotation":{"x":0.02679363079369068,"y":0.13291914761066438,"z":-0.0033362603280693294,"w":0.9908711910247803},"size":13.094306945800782,"orthographic":false}