{"cameraMode":{"drawMode":0,"name":"Shaded","section":"Shading Mode"},"sceneLighting":false,"audioPlay":false,"sceneViewState":{"showFog":true,"showMaterialUpdate":false,"showSkybox":false,"showFlares":true,"showImageEffects":true,"showParticleSystems":true},"in2DMode":false,"pivot":{"x":0.18115349113941194,"y":-4.288520812988281,"z":1.261955976486206},"rotation":{"x":0.5381423830986023,"y":-0.010945537127554417,"z":0.00708224019035697,"w":0.8429161906242371},"size":3.595118999481201,"orthographic":false}