{"cameraMode":{"drawMode":0,"name":"Shaded","section":"Shading Mode"},"sceneLighting":false,"audioPlay":false,"sceneViewState":{"showFog":true,"showMaterialUpdate":false,"showSkybox":false,"showFlares":true,"showImageEffects":true,"showParticleSystems":true},"in2DMode":false,"pivot":{"x":1.3568933010101319,"y":3.4737837314605715,"z":6.775847434997559},"rotation":{"x":0.010680928826332093,"y":0.9559422135353088,"z":-0.2916220426559448,"w":0.0345768928527832},"size":1.149239420890808,"orthographic":false}